{
  "files": [
    {
      "path": "./dist/css/coreui-grid.css",
      "maxSize": "7.5 kB"
    },
    {
      "path": "./dist/css/coreui-grid.min.css",
      "maxSize": "6.55 kB"
    },
    {
      "path": "./dist/css/coreui-reboot.css",
      "maxSize": "3.55 kB"
    },
    {
      "path": "./dist/css/coreui-reboot.min.css",
      "maxSize": "3.4 kB"
    },
    {
      "path": "./dist/css/coreui-utilities.css",
      "maxSize": "12.90 kB"
    },
    {
      "path": "./dist/css/coreui-utilities.min.css",
      "maxSize": "11.90 kB"
    },
    {
      "path": "./dist/css/coreui.css",
      "maxSize": "39.70 kB"
    },
    {
      "path": "./dist/css/coreui.min.css",
      "maxSize": "37.05 kB"
    },
    {
      "path": "./dist/js/coreui.bundle.js",
      "maxSize": "45.85 kB"
    },
    {
      "path": "./dist/js/coreui.bundle.min.js",
      "maxSize": "24.75 kB"
    },
    {
      "path": "./dist/js/coreui.esm.js",
      "maxSize": "30.80 kB"
    },
    {
      "path": "./dist/js/coreui.esm.min.js",
      "maxSize": "19.75 kB"
    },
    {
      "path": "./dist/js/coreui.js",
      "maxSize": "31.55 kB"
    },
    {
      "path": "./dist/js/coreui.min.js",
      "maxSize": "17.65 kB"
    }
  ],
  "ci": {
    "trackBranches": [
      "main"
    ]
  }
}
